{"trainLoss": 16.202062606811523, "validationLoss": 13.072495460510254, "_timestamp": 1679949793.8024771, "_runtime": 14.918657064437866, "_step": 0, "_wandb": {"runtime": 19}}