,MSE,MAE
0,0.03108389861881733,0.11472427845001221
