{"trainLoss": 4.367531776428223, "validationLoss": 3.508922815322876, "_timestamp": 1679944099.610312, "_runtime": 98.67592906951904, "_step": 24}