{"train loss": 2.505231332778931, "latentSpaceLoss": 0.3427753289540608, "reconstructionLoss": 0.0, "validationLoss": 0, "_timestamp": 1677367985.7990894, "_runtime": 18.368756532669067, "_step": 4}