{"train loss": 11.922843933105469, "_timestamp": 1679814999.5445228, "_runtime": 87.25079464912415, "_step": 101}