{"acc": 0.7348890346173063, "loss": 0.20042999681777263, "_timestamp": 1676140636.7959316, "_runtime": 0.860100507736206, "_step": 7, "_wandb": {"runtime": 0}}