{"trainLoss": 13.210004806518555, "validationLoss": 7.02757453918457, "_timestamp": 1680267348.2106369, "_runtime": 98.52160692214966, "_step": 5}