{"train loss": 2.052064677079519, "latentSpaceLoss": 0.10051488454143205, "reconstructionLoss": 0.0, "validationLoss": 0, "_timestamp": 1677371995.6270003, "_runtime": 29.11861538887024, "_step": 5, "_wandb": {"runtime": 69}}