{"train loss": 1.1116613149642944, "_timestamp": 1677424552.8543258, "_runtime": 10.014553785324097, "_step": 1}