{"train loss": 0.5099380612373352, "_timestamp": 1679500441.940143, "_runtime": 92.84787321090698, "_step": 151}