{"train loss": 0.7441399097442627, "_timestamp": 1679324860.2483633, "_runtime": 145.26535534858704, "_step": 139}