{"train loss": 2.1226568818092346, "latentSpaceLoss": 0.07558014144500097, "reconstructionLoss": 0.0, "validationLoss": 0, "_timestamp": 1677372290.9189756, "_runtime": 29.996959686279297, "_step": 5, "_wandb": {"runtime": 66}}