{"trainLoss": 10.379292488098145, "validationLoss": 12.43533992767334, "_timestamp": 1679949697.7703717, "_runtime": 15.342253684997559, "_step": 0, "_wandb": {"runtime": 21}}