{"trainLoss": 2.2884373664855957, "validationLoss": 2.571678400039673, "_timestamp": 1679575212.646154, "_runtime": 338.4146490097046, "_step": 112}