{"train loss": 5.533102989196777, "_timestamp": 1679565677.364662, "_runtime": 17.775760889053345, "_step": 14}