{"train loss": 1228.4176025390625, "latentSpaceLoss": 1228.17529296875, "reconstructionLoss": 0.11978959664702415, "validationLoss": 0, "_timestamp": 1676649352.400302, "_runtime": 14.92942500114441, "_step": 1}