{"train loss": 0.026532096788287163, "_timestamp": 1679851898.0969555, "_runtime": 378.13270449638367, "_step": 401}