{"train loss": 2.2954390048980713, "_timestamp": 1679814858.3999689, "_runtime": 47.83425784111023, "_step": 45}