{"train loss": 2.784984588623047, "latentSpaceLoss": 1.448777198791504, "reconstructionLoss": 0.0, "validationLoss": 0, "_timestamp": 1677370188.768733, "_runtime": 6.488945007324219, "_step": 0}