{"train loss": 3.1711459159851074, "_timestamp": 1677423782.8557794, "_runtime": 6.176443338394165, "_step": 0, "_wandb": {"runtime": 9}}