{"train loss": 0.615264892578125, "_timestamp": 1679324965.1506066, "_runtime": 82.19265556335449, "_step": 81}