{"trainLoss": 3.380861520767212, "validationLoss": 3.1572189331054688, "_timestamp": 1679575537.78934, "_runtime": 103.5539870262146, "_step": 39}