{"train loss": 1.0804753303527832, "_timestamp": 1679848176.7766683, "_runtime": 107.66274738311768, "_step": 629}