{"trainLoss": 9.041986465454102, "validationLoss": 59.90742874145508, "_timestamp": 1679933901.259161, "_runtime": 35.48300099372864, "_step": 8}