{"train loss": 1.0947303771972656, "_timestamp": 1679411981.6914396, "_runtime": 23.792953729629517, "_step": 21}