{"train loss": 1.3862372040748596, "latentSpaceLoss": 0.9998488128185272, "reconstructionLoss": 0.0, "validationLoss": 0, "_timestamp": 1678292676.5562813, "_runtime": 78.84866333007812, "_step": 1}