{"train loss": 0.01314028911292553, "_timestamp": 1679851323.5286164, "_runtime": 150.53290438652039, "_step": 753}