{"train loss": 0.023182090371847153, "_timestamp": 1678581501.9361608, "_runtime": 780.4430248737335, "_step": 109}