{"trainLoss": 7.633037567138672, "validationLoss": 22.999109268188477, "_timestamp": 1679933566.8093934, "_runtime": 24.7523775100708, "_step": 2}