{"train loss": 0.24459892511367798, "_timestamp": 1679501554.4857361, "_runtime": 1091.4422612190247, "_step": 1815}