{"train loss": 1.41523277759552, "latentSpaceLoss": 0.9989457726478577, "reconstructionLoss": 0.20769080519676208, "validationLoss": 0, "_timestamp": 1677165417.5929096, "_runtime": 45.729294538497925, "_step": 0}