{"train loss": 2.067691365877787, "latentSpaceLoss": 0.09568097152643733, "reconstructionLoss": 0.0, "validationLoss": 0, "_timestamp": 1677372688.9523623, "_runtime": 33.41346621513367, "_step": 5, "_wandb": {"runtime": 70}}