{"train loss": 2.5828943252563477, "_timestamp": 1679814787.4951043, "_runtime": 268.0432782173157, "_step": 321}