{"trainLoss": 11.34422492980957, "validationLoss": 10.196833610534668, "_timestamp": 1679574725.6800623, "_runtime": 99.91566228866577, "_step": 39}