{"trainLoss": 1.7412840127944946, "validationLoss": 29.37510108947754, "_timestamp": 1679933836.9483497, "_runtime": 172.6305067539215, "_step": 57}