{"train loss": 0.337512731552124, "_timestamp": 1679500294.1392035, "_runtime": 337.6801745891571, "_step": 409}