{"train loss": 656.2391255696615, "latentSpaceLoss": 139.1155232747396, "reconstructionLoss": 0.023299564773009884, "validationLoss": 0, "_timestamp": 1676638943.4095898, "_runtime": 15.395052671432495, "_step": 5, "_wandb": {"runtime": 14}}