{"train loss": 1.4056957960128784, "latentSpaceLoss": 0.9999942183494568, "reconstructionLoss": 0.19700287282466888, "validationLoss": 0, "_timestamp": 1677751303.1318967, "_runtime": 57.22476863861084, "_step": 0}