{"trainLoss": 5.54907751083374, "validationLoss": 0.0, "_timestamp": 1679574459.559219, "_runtime": 23.32625985145569, "_step": 8, "_wandb": {"runtime": 24}}