{"train loss": 0.12169136106967926, "_timestamp": 1678581709.5955431, "_runtime": 153.6976020336151, "_step": 18}