{"train loss": 7.8506999015808105, "_timestamp": 1679814453.362495, "_runtime": 18.765607833862305, "_step": 201}