{"train loss": 1.2213992357254029, "latentSpaceLoss": 0.22357614189386368, "reconstructionLoss": 0.0, "validationLoss": 0, "_timestamp": 1678304376.3537176, "_runtime": 9.173449516296387, "_step": 4}