{"train loss": 6.4607086181640625, "_timestamp": 1679851398.1062295, "_runtime": 56.74514365196228, "_step": 411}