{"train loss": 2.202408790588379, "_timestamp": 1677428861.6497636, "_runtime": 12.626782655715942, "_step": 1}