{"train loss": 1.3402968645095825, "latentSpaceLoss": 1.0002394914627075, "reconstructionLoss": 0.16806133091449738, "validationLoss": 0, "_timestamp": 1677750824.1103299, "_runtime": 64.9557478427887, "_step": 0}