{"train loss": 1.3548498153686523, "latentSpaceLoss": 1.0035042762756348, "reconstructionLoss": 0.0, "validationLoss": 0, "_timestamp": 1678315096.511983, "_runtime": 20.88999891281128, "_step": 0}