{"train loss": 11.102202415466309, "_timestamp": 1679814896.5663168, "_runtime": 20.692550897598267, "_step": 17}