{"trainLoss": 4.5942840576171875, "validationLoss": 4.11138916015625, "_timestamp": 1679962951.7925673, "_runtime": 45.665221214294434, "_step": 12}