{"trainLoss": 9.672694206237793, "validationLoss": 8.125042915344238, "_timestamp": 1679944392.1583524, "_runtime": 6.8684563636779785, "_step": 0, "_wandb": {"runtime": 7}}