{"train loss": 2.0561522444089255, "latentSpaceLoss": 0.0918182619743877, "reconstructionLoss": 0.0, "validationLoss": 0, "_timestamp": 1677373591.0962083, "_runtime": 36.94300937652588, "_step": 5}