{"train loss": 1.4834818840026855, "latentSpaceLoss": 1.0000228881835938, "reconstructionLoss": 0.23837310075759888, "validationLoss": 0, "_timestamp": 1677863978.0003765, "_runtime": 67.5405285358429, "_step": 0}