{"train loss": 1.367453694343567, "latentSpaceLoss": 1.0001299381256104, "reconstructionLoss": 0.18112926185131073, "validationLoss": 0, "_timestamp": 1678051203.191287, "_runtime": 62.55911993980408, "_step": 0}