{"train loss": 1.3760814666748047, "latentSpaceLoss": 1.0008147954940796, "reconstructionLoss": 0.1868753582239151, "validationLoss": 0, "_timestamp": 1677698973.2593822, "_runtime": 57.388665199279785, "_step": 0}