{"train loss": 0.09583042562007904, "_timestamp": 1679849945.5557616, "_runtime": 1276.6976976394653, "_step": 6878}