{"train loss": 1.5092628002166748, "_timestamp": 1679815723.199022, "_runtime": 360.29211807250977, "_step": 1977}