{"trainLoss": 3.29241681098938, "validationLoss": 2.4756572246551514, "_timestamp": 1679574603.5851233, "_runtime": 78.07540321350098, "_step": 31}