{"train loss": 0.025616925209760666, "_timestamp": 1678582219.2751396, "_runtime": 481.6033926010132, "_step": 57}