{"trainLoss": 12.294577598571777, "validationLoss": 0.0, "_timestamp": 1679574312.2345898, "_runtime": 7.511364698410034, "_step": 1}