{"train loss": 0.012337033636868, "_timestamp": 1679851140.8781266, "_runtime": 400.82568073272705, "_step": 2139}