{"train loss": 7.03443717956543, "_timestamp": 1679851483.5402265, "_runtime": 61.54956841468811, "_step": 455}