{"train loss": 657.7596282958984, "latentSpaceLoss": 272.6118392944336, "reconstructionLoss": 0.06976897766192755, "validationLoss": 0, "_timestamp": 1676639202.0806067, "_runtime": 10.985071659088135, "_step": 3}