{"trainLoss": 8.765162467956543, "validationLoss": 0.0, "_timestamp": 1679574237.9731467, "_runtime": 26.153050661087036, "_step": 8}