{"trainLoss": 20.50631332397461, "validationLoss": 11.149726867675781, "_timestamp": 1679949550.450146, "_runtime": 16.794026851654053, "_step": 0, "_wandb": {"runtime": 21}}