{"trainLoss": 12.824840545654297, "validationLoss": 11.399354934692383, "_timestamp": 1679934047.1586049, "_runtime": 16.42596197128296, "_step": 1}