{"trainLoss": 3.421029567718506, "validationLoss": 2.3104512691497803, "_timestamp": 1679575835.7009413, "_runtime": 271.60841727256775, "_step": 99}