{"train loss": 1.2638323903083801, "latentSpaceLoss": 0.9994088411331177, "reconstructionLoss": 0.0, "validationLoss": 0, "_timestamp": 1678120712.9953961, "_runtime": 102.26831007003784, "_step": 1}