{"train loss": 15.092814445495605, "_timestamp": 1679848593.231273, "_runtime": 48.37664198875427, "_step": 267}