{"train loss": 0.9164027571678162, "_timestamp": 1679815340.4068208, "_runtime": 315.85609769821167, "_step": 387}