{"train loss": 1.255824089050293, "latentSpaceLoss": 0.9998167753219604, "reconstructionLoss": 0.0, "validationLoss": 0, "_timestamp": 1678228959.6572335, "_runtime": 74.21706652641296, "_step": 0}