{"trainLoss": 2.1990578174591064, "validationLoss": 5.290553569793701, "_timestamp": 1679957363.353714, "_runtime": 369.30969190597534, "_step": 165}