,MSE,MAE
0,0.05496383085846901,0.14976060390472412
