,MSE,MAE
0,0.05433410406112671,0.13853098452091217
