,MSE,MAE
0,0.04673748596464855,0.13563746383648346
