,MSE,MAE
0,0.08293812721967697,0.19159159064292908
