{"train loss": 0.9119073748588562, "_timestamp": 1679848646.4438324, "_runtime": 30.82995843887329, "_step": 163}