{"train loss": 1.9671961069107056, "_timestamp": 1677427119.3984277, "_runtime": 14.844148635864258, "_step": 2}