{"trainLoss": 2.302109956741333, "validationLoss": 2.4674901962280273, "_timestamp": 1679944327.6942618, "_runtime": 204.34779477119446, "_step": 48}