{"train loss": 0.06347652524709702, "_timestamp": 1678617204.3235385, "_runtime": 523.3020994663239, "_step": 16}