{"train loss": 0.22884540259838104, "_timestamp": 1679852078.2706442, "_runtime": 158.22703313827515, "_step": 154}