{"train loss": 1.2556308507919312, "_timestamp": 1679338285.5749347, "_runtime": 16.67327070236206, "_step": 12}