{"acc": 0.90108060080894, "loss": 0.11599023335892493, "_timestamp": 1676142261.6045003, "_runtime": 0.5478522777557373, "_step": 7, "_wandb": {"runtime": 0}}