{"train loss": 41.82563400268555, "latentSpaceLoss": 0.21002496812078686, "reconstructionLoss": 0.0, "validationLoss": 0, "_timestamp": 1677442766.2332072, "_runtime": 82.48746919631958, "_step": 6, "_wandb": {"runtime": 82}}