{"train loss": 2.088820457458496, "_timestamp": 1677421531.2164693, "_runtime": 19.51504635810852, "_step": 2}