{"train loss": 2.6292386054992676, "_timestamp": 1677423715.1810443, "_runtime": 6.3480143547058105, "_step": 0, "_wandb": {"runtime": 6}}