{"train loss": 1.9758691787719727, "_timestamp": 1677420264.7322938, "_runtime": 14.265590906143188, "_step": 2}