{"train loss": 2.6956942081451416, "_timestamp": 1677423884.0707746, "_runtime": 5.601638555526733, "_step": 0, "_wandb": {"runtime": 8}}