{"trainLoss": 1.2431060075759888, "validationLoss": 1.2389556169509888, "_timestamp": 1679923026.454909, "_runtime": 22.703301191329956, "_step": 1}