{"train loss": 1.7192296981811523, "_timestamp": 1677420140.6393902, "_runtime": 28.267556190490723, "_step": 5}