{"trainLoss": 16.847736358642578, "validationLoss": 16.549013137817383, "_timestamp": 1679949858.9307384, "_runtime": 22.361664533615112, "_step": 1}