{"train loss": 2.064971407254537, "latentSpaceLoss": 0.0803267289366987, "reconstructionLoss": 0.0, "validationLoss": 0, "_timestamp": 1677373714.9021966, "_runtime": 33.066635608673096, "_step": 5}