{"train loss": 0.1580762416124344, "_timestamp": 1679850459.394509, "_runtime": 420.2108609676361, "_step": 2117}