{"trainLoss": 11.92506217956543, "validationLoss": 14.705902099609375, "_timestamp": 1679787416.0855732, "_runtime": 17.239472150802612, "_step": 5}