{"train loss": 1.1667380332946777, "_timestamp": 1677423977.0647757, "_runtime": 10.434792757034302, "_step": 1}